formula,T,Cp
Be1F2,1200.0,87.529
Be1F2,1100.0,84.182
Be1F2,1000.0,80.835
Be1F2,900.0,77.488
Be1F2,825.0,74.977
Be1F2,800.0,74.14
Be1F2,700.0,70.793
Be1F2,600.0,67.446
Be1F2,500.0,76.048
Be1F2,500.0,64.09899999999999
Be1F2,400.0,62.522
Be1F2,300.0,52.028
Be1F2,298.0,51.819
B1H4Na1,1900.0,133.679
B1H4Na1,1800.0,133.553
B1H4Na1,1700.0,133.511
B1H4Na1,1600.0,133.428
B1H4Na1,1500.0,133.30200000000002
B1H4Na1,1400.0,133.135
B1H4Na1,1300.0,132.675
B1H4Na1,1200.0,131.754
B1H4Na1,1100.0,130.039
B1H4Na1,1000.0,127.445
B1H4Na1,900.0,124.265
B1H4Na1,800.0,120.248
B1H4Na1,700.0,115.269
B1H4Na1,600.0,108.617
B1H4Na1,500.0,101.797
B1H4Na1,400.0,94.558
B1H4Na1,300.0,86.64200000000002
B1H4Na1,298.0,86.48299999999998
Al1Br3,298.0,100.578
Al1Br3,1400.0,124.934
Al1Br3,1300.0,124.851
Al1Br3,1200.0,124.767
Al1Br3,1100.0,124.683
Al1Br3,1000.0,124.6
Al1Br3,900.0,124.516
Al1Br3,800.0,124.432
Al1Br3,700.0,124.348
Al1Br3,600.0,124.265
Al1Br3,500.0,123.846
Al1Br3,400.0,117.78
Al1Br3,370.6,113.078
Al1Br3,300.0,100.816
Be2O4Si1,2900.0,194.58900000000003
Be2O4Si1,2800.0,193.702
Be2O4Si1,2700.0,192.815
Be2O4Si1,2600.0,191.928
Be2O4Si1,2500.0,191.041
Be2O4Si1,2400.0,190.154
Be2O4Si1,2300.0,189.267
Be2O4Si1,2200.0,188.38
Be2O4Si1,2100.0,187.493
Be2O4Si1,2000.0,186.606
Be2O4Si1,1900.0,185.686
Be2O4Si1,1800.0,184.749
Be2O4Si1,1700.0,183.803
Be2O4Si1,1600.0,182.849
Be2O4Si1,1500.0,181.887
Be2O4Si1,1400.0,180.916
Be2O4Si1,1300.0,179.636
Be2O4Si1,1200.0,178.197
Be2O4Si1,1100.0,176.356
Be2O4Si1,1000.0,174.054
Be2O4Si1,900.0,170.74900000000005
Be2O4Si1,800.0,166.021
Be2O4Si1,700.0,158.866
Be2O4Si1,600.0,149.16
Be2O4Si1,500.0,136.942
Be2O4Si1,400.0,120.75
Be2O4Si1,300.0,96.098
Be2O4Si1,298.0,95.563
Be1F4Li2,1400.0,299.5540000000001
Be1F4Li2,1300.0,284.64
Be1F4Li2,1200.0,269.72900000000004
Be1F4Li2,1100.0,254.819
Be1F4Li2,1000.0,239.911
Be1F4Li2,900.0,225.004
Be1F4Li2,800.0,210.1
Be1F4Li2,732.2,199.995
Be1F4Li2,700.0,195.18400000000003
Be1F4Li2,600.0,180.247
Be1F4Li2,500.0,165.352
Be1F4Li2,400.0,150.457
Be1F4Li2,300.0,135.52
Be1F4Li2,298.0,135.269
Cs1,900.0,37.656
Cs1,800.0,37.635
Cs1,700.0,37.614
Cs1,600.0,37.53
Cs1,500.0,37.196
Cs1,450.0,36.777
Cs1,400.0,36.066
Cs1,350.0,34.84
Cs1,301.55,32.501
Cs1,300.0,32.355
Cs1,298.0,32.195
Al1H4Li1,298.0,86.4
Al1H4Li1,1900.0,123.763
Al1H4Li1,1800.0,123.247
Al1H4Li1,1700.0,122.717
Al1H4Li1,1600.0,122.173
Al1H4Li1,1500.0,121.615
Al1H4Li1,1400.0,121.043
Al1H4Li1,1300.0,120.416
Al1H4Li1,1200.0,119.746
Al1H4Li1,1100.0,118.847
Al1H4Li1,1000.0,117.78
Al1H4Li1,900.0,116.2
Al1H4Li1,800.0,114.223
Al1H4Li1,700.0,111.294
Al1H4Li1,600.0,106.901
Al1H4Li1,500.0,101.253
Al1H4Li1,400.0,93.722
Al1H4Li1,300.0,86.944
Cl1Cu1,1400.0,66.874
Cl1Cu1,1300.0,66.459
Cl1Cu1,1200.0,66.01100000000001
Cl1Cu1,1100.0,65.531
Cl1Cu1,1000.0,65.01899999999999
Cl1Cu1,900.0,64.388
Cl1Cu1,800.0,63.68
Cl1Cu1,703.0,62.791
Cl1Cu1,700.0,62.76
Cl1Cu1,600.0,61.505
Cl1Cu1,500.0,59.831
Cl1Cu1,400.0,56.902
Cl1Cu1,300.0,48.771
Cl1Cu1,298.0,48.534
Cu1O1,1900.0,62.494
Cu1O1,1800.0,61.726000000000006
Cu1O1,1700.0,60.958
Cu1O1,1600.0,60.181
Cu1O1,1500.0,59.395
Cu1O1,1400.0,58.601000000000006
Cu1O1,1300.0,57.8
Cu1O1,1200.0,56.978
Cu1O1,1100.0,56.135
Cu1O1,1000.0,55.262
Cu1O1,900.0,54.34
Cu1O1,800.0,53.349
Cu1O1,700.0,52.24
Cu1O1,600.0,50.935
Cu1O1,500.0,49.261
Cu1O1,400.0,46.806
Cu1O1,300.0,42.364
Cu1O1,298.0,42.246
Cr2N1,2400.0,127.277
Cr2N1,2300.0,124.934
Cr2N1,2200.0,122.591
Cr2N1,2100.0,119.955
Cr2N1,2000.0,117.487
Cr2N1,1900.0,114.767
Cr2N1,1800.0,112.508
Cr2N1,1700.0,109.788
Cr2N1,1600.0,107.027
Cr2N1,1500.0,104.265
Cr2N1,1400.0,101.504
Cr2N1,1300.0,98.742
Cr2N1,1200.0,95.981
Cr2N1,1100.0,93.261
Cr2N1,1000.0,90.5
Cr2N1,900.0,87.738
Cr2N1,800.0,84.977
Cr2N1,700.0,82.257
Cr2N1,600.0,79.49600000000002
Cr2N1,500.0,76.735
Cr2N1,400.0,73.429
Cr2N1,300.0,66.191
Cr2N1,298.0,66.065
Cl2Hg2,1400.0,126.311
Cl2Hg2,1300.0,125.169
Cl2Hg2,1200.0,123.846
Cl2Hg2,1100.0,122.34
Cl2Hg2,1000.0,120.667
Cl2Hg2,900.0,118.826
Cl2Hg2,800.0,116.817
Cl2Hg2,700.0,114.558
Cl2Hg2,600.0,112.131
Cl2Hg2,500.0,109.328
Cl2Hg2,400.0,106.023
Cl2Hg2,300.0,102.048
Cl2Hg2,298.0,101.968
Fe1I2,1400.0,142.256
Fe1I2,1300.0,142.256
Fe1I2,1200.0,142.256
Fe1I2,1100.0,141.188
Fe1I2,1000.0,136.817
Fe1I2,900.0,126.224
Fe1I2,860.0,120.005
Fe1I2,800.0,110.876
Fe1I2,700.0,95.395
Fe1I2,650.0,84.546
Fe1I2,650.0,87.86399999999998
Fe1I2,600.0,84.425
Fe1I2,500.0,84.182
Fe1I2,400.0,83.931
Fe1I2,300.0,83.68
Fe1I2,298.0,83.68
Cl2Cu1,1400.0,84.75
Cl2Cu1,1300.0,84.19
Cl2Cu1,1200.0,83.60700000000001
Cl2Cu1,1100.0,83.001
Cl2Cu1,1000.0,82.37
Cl2Cu1,900.0,81.655
Cl2Cu1,800.0,80.885
Cl2Cu1,700.0,79.956
Cl2Cu1,600.0,78.785
Cl2Cu1,500.0,77.278
Cl2Cu1,400.0,75.061
Cl2Cu1,300.0,71.923
Cl2Cu1,298.0,71.881
Fe3O4,2900.0,200.832
Fe3O4,2800.0,200.832
Fe3O4,2700.0,200.832
Fe3O4,2600.0,200.832
Fe3O4,2500.0,200.832
Fe3O4,2400.0,200.832
Fe3O4,2300.0,200.832
Fe3O4,2200.0,200.832
Fe3O4,2100.0,200.832
Fe3O4,2000.0,200.832
Fe3O4,1900.0,200.832
Fe3O4,1800.0,200.832
Fe3O4,1700.0,200.832
Fe3O4,1600.0,200.832
Fe3O4,1500.0,200.832
Fe3O4,1400.0,200.832
Fe3O4,1300.0,200.832
Fe3O4,1200.0,200.832
Fe3O4,1100.0,200.832
Fe3O4,1000.0,200.832
Fe3O4,900.0,273.05
Fe3O4,900.0,200.832
Fe3O4,800.0,252.881
Fe3O4,700.0,232.71400000000003
Fe3O4,600.0,212.547
Fe3O4,500.0,192.38
Fe3O4,400.0,171.12599999999995
Fe3O4,300.0,147.695
Fe3O4,298.0,147.235
Fe2O12S3,1900.0,449.069
Fe2O12S3,1800.0,445.554
Fe2O12S3,1700.0,441.83
Fe2O12S3,1600.0,438.065
Fe2O12S3,1500.0,434.09
Fe2O12S3,1400.0,429.906
Fe2O12S3,1300.0,425.513
Fe2O12S3,1200.0,420.659
Fe2O12S3,1100.0,415.262
Fe2O12S3,1000.0,409.237
Fe2O12S3,900.0,402.041
Fe2O12S3,800.0,393.254
Fe2O12S3,700.0,380.702
Fe2O12S3,600.0,363.297
Fe2O12S3,500.0,339.281
Fe2O12S3,400.0,307.022
Fe2O12S3,300.0,265.851
Fe2O12S3,298.0,264.722
Al1I3,298.0,98.91
Al1I3,1400.0,129.501
Al1I3,1300.0,129.319
Al1I3,1200.0,129.16
Al1I3,1100.0,128.875
Al1I3,1000.0,128.44899999999998
Al1I3,900.0,127.901
Al1I3,800.0,126.918
Al1I3,700.0,125.063
Al1I3,600.0,121.986
Al1I3,500.0,116.901
Al1I3,464.15,114.614
Al1I3,400.0,108.533
Al1I3,300.0,99.077
I2Pb1,900.0,102.428
I2Pb1,800.0,95.102
I2Pb1,700.0,88.743
I2Pb1,683.0,87.78
I2Pb1,600.0,83.713
I2Pb1,500.0,80.391
I2Pb1,400.0,78.85600000000002
I2Pb1,300.0,77.613
I2Pb1,298.0,77.57300000000002
H1K1O1,298.0,64.89399999999999
H1K1O1,1400.0,78.65899999999998
H1K1O1,1300.0,78.65899999999998
H1K1O1,1200.0,78.65899999999998
H1K1O1,1100.0,78.65899999999998
H1K1O1,1000.0,78.65899999999998
H1K1O1,900.0,78.65899999999998
H1K1O1,800.0,78.65899999999998
H1K1O1,700.0,78.65899999999998
H1K1O1,679.0,78.65899999999998
H1K1O1,600.0,78.65899999999998
H1K1O1,516.0,80.961
H1K1O1,516.0,78.65899999999998
H1K1O1,500.0,79.58
H1K1O1,400.0,71.672
H1K1O1,300.0,65.01100000000001
F1K1,298.0,48.982
F1K1,1900.0,71.128
F1K1,1800.0,71.128
F1K1,1700.0,71.128
F1K1,1600.0,70.919
F1K1,1500.0,70.5
F1K1,1400.0,69.789
F1K1,1300.0,68.618
F1K1,1200.0,66.777
F1K1,1131.0,64.852
F1K1,1100.0,63.848
F1K1,1000.0,61.17
F1K1,900.0,59.078
F1K1,800.0,57.404
F1K1,700.0,55.856
F1K1,600.0,54.26600000000001
F1K1,500.0,52.718
F1K1,400.0,51.045
F1K1,300.0,49.022
N1V1,3400.0,76.191
N1V1,3300.0,75.312
N1V1,3200.0,74.475
N1V1,3100.0,73.638
N1V1,3000.0,72.80199999999998
N1V1,2900.0,71.923
N1V1,2800.0,71.044
N1V1,2700.0,70.166
N1V1,2600.0,69.28699999999999
N1V1,2500.0,68.408
N1V1,2400.0,67.53
N1V1,2300.0,66.65100000000001
N1V1,2200.0,65.77199999999999
N1V1,2100.0,64.852
N1V1,2000.0,63.932
N1V1,1900.0,62.969
N1V1,1800.0,62.049
N1V1,1700.0,61.17
N1V1,1600.0,60.124
N1V1,1500.0,59.091
N1V1,1400.0,58.045
N1V1,1300.0,56.986
N1V1,1200.0,55.907
N1V1,1100.0,54.806
N1V1,1000.0,53.668
N1V1,900.0,52.48
N1V1,800.0,51.212
N1V1,700.0,49.819
N1V1,600.0,48.208
N1V1,500.0,46.183
N1V1,400.0,43.29600000000001
N1V1,300.0,38.2
N1V1,298.0,37.981
Na2O1,1900.0,104.47
Na2O1,1800.0,103.617
Na2O1,1700.0,102.734
Na2O1,1600.0,101.822
Na2O1,1500.0,100.868
Na2O1,1405.2,99.913
Na2O1,1400.0,99.86
Na2O1,1300.0,98.788
Na2O1,1243.15,98.14
Na2O1,1243.15,98.142
Na2O1,1200.0,97.629
Na2O1,1100.0,96.353
Na2O1,1023.15,95.264
Na2O1,1023.15,95.265
Na2O1,1000.0,94.918
Na2O1,900.0,93.266
Na2O1,800.0,91.291
Na2O1,700.0,88.851
Na2O1,600.0,85.709
Na2O1,500.0,81.49600000000002
Na2O1,400.0,75.77600000000002
Na2O1,300.0,69.245
Na2O1,298.0,69.10300000000001
Nb1O1,2700.0,66.87100000000001
Nb1O1,2600.0,65.982
Nb1O1,2500.0,65.09100000000001
Nb1O1,2400.0,64.199
Nb1O1,2300.0,63.306
Nb1O1,2210.0,62.50100000000001
Nb1O1,2200.0,62.413
Nb1O1,2100.0,61.526
Nb1O1,2000.0,60.62600000000001
Nb1O1,1900.0,59.73
Nb1O1,1800.0,58.831
Nb1O1,1700.0,57.929
Nb1O1,1600.0,57.024
Nb1O1,1500.0,56.117
Nb1O1,1400.0,55.208
Nb1O1,1300.0,54.287
Nb1O1,1200.0,53.359
Nb1O1,1100.0,52.418
Nb1O1,1000.0,51.467
Nb1O1,900.0,50.481
Nb1O1,800.0,49.467
Nb1O1,700.0,48.369
Nb1O1,600.0,47.20399999999999
Nb1O1,500.0,45.827
Nb1O1,400.0,44.032
Nb1O1,300.0,41.187
Nb1O1,298.0,41.112
O3Ti2,2900.0,157.151
O3Ti2,2800.0,156.774
O3Ti2,2700.0,156.398
O3Ti2,2600.0,155.98
O3Ti2,2500.0,155.60299999999995
O3Ti2,2400.0,155.185
O3Ti2,2300.0,154.766
O3Ti2,2200.0,154.306
O3Ti2,2115.0,153.953
O3Ti2,2100.0,153.888
O3Ti2,2000.0,153.42700000000005
O3Ti2,1900.0,152.925
O3Ti2,1800.0,152.465
O3Ti2,1700.0,151.921
O3Ti2,1600.0,151.377
O3Ti2,1500.0,150.75
O3Ti2,1400.0,150.08
O3Ti2,1300.0,149.369
O3Ti2,1200.0,148.532
O3Ti2,1100.0,147.528
O3Ti2,1000.0,146.356
O3Ti2,900.0,144.892
O3Ti2,800.0,142.967
O3Ti2,700.0,140.33100000000002
O3Ti2,600.0,136.44
O3Ti2,500.0,130.248
O3Ti2,470.01,141.716
O3Ti2,470.01,127.653
O3Ti2,400.0,117.529
O3Ti2,300.0,96.19
O3Ti2,298.0,95.814
Mg3N2,298.0,104.516
Mg3N2,2400.0,123.595
Mg3N2,2300.0,123.595
Mg3N2,2200.0,123.595
Mg3N2,2100.0,123.595
Mg3N2,2000.0,123.595
Mg3N2,1900.0,123.595
Mg3N2,1800.0,123.595
Mg3N2,1700.0,123.595
Mg3N2,1600.0,123.595
Mg3N2,1500.0,123.595
Mg3N2,1400.0,123.595
Mg3N2,1300.0,123.595
Mg3N2,1200.0,123.595
Mg3N2,1100.0,123.595
Mg3N2,1061.0,123.846
Mg3N2,1061.0,123.595
Mg3N2,1000.0,123.846
Mg3N2,900.0,123.846
Mg3N2,823.0,120.574
Mg3N2,823.0,123.846
Mg3N2,800.0,119.872
Mg3N2,700.0,116.817
Mg3N2,600.0,113.763
Mg3N2,500.0,110.709
Mg3N2,400.0,107.654
Mg3N2,300.0,104.6
I1K1,298.0,52.777
I1K1,1900.0,75.317
I1K1,1800.0,75.291
I1K1,1700.0,75.234
I1K1,1600.0,75.145
I1K1,1500.0,74.92699999999998
I1K1,1400.0,74.601
I1K1,1300.0,74.09
I1K1,1200.0,73.13600000000002
I1K1,1100.0,71.546
I1K1,1000.0,69.036
I1K1,954.0,67.594
I1K1,900.0,65.793
I1K1,800.0,62.639
I1K1,700.0,59.777
I1K1,600.0,57.3
I1K1,500.0,55.363
I1K1,400.0,53.932
I1K1,300.0,52.806
K2O3Si1,298.0,118.407
K2O3Si1,2100.0,204.179
K2O3Si1,2000.0,202.087
K2O3Si1,1900.0,199.995
K2O3Si1,1800.0,197.903
K2O3Si1,1700.0,195.811
K2O3Si1,1600.0,193.719
K2O3Si1,1500.0,191.627
K2O3Si1,1400.0,189.535
K2O3Si1,1300.0,187.443
K2O3Si1,1249.0,186.376
K2O3Si1,1200.0,185.351
K2O3Si1,1100.0,182.004
K2O3Si1,1000.0,179.075
K2O3Si1,900.0,175.31
K2O3Si1,800.0,170.707
K2O3Si1,700.0,164.85
K2O3Si1,600.0,157.737
K2O3Si1,500.0,148.114
K2O3Si1,400.0,135.562
K2O3Si1,300.0,118.758
N4Si3,298.0,99.533
N4Si3,2900.0,188.056
N4Si3,2800.0,187.818
N4Si3,2700.0,187.567
N4Si3,2600.0,187.303
N4Si3,2500.0,187.025
N4Si3,2400.0,186.734
N4Si3,2300.0,186.429
N4Si3,2200.0,186.111
N4Si3,2100.0,185.78
N4Si3,2000.0,185.435
N4Si3,1900.0,184.539
N4Si3,1800.0,183.452
N4Si3,1700.0,182.171
N4Si3,1600.0,180.548
N4Si3,1500.0,178.657
N4Si3,1400.0,175.92
N4Si3,1300.0,172.53099999999995
N4Si3,1200.0,168.49
N4Si3,1100.0,163.678
N4Si3,1000.0,158.155
N4Si3,900.0,152.298
N4Si3,800.0,145.812
N4Si3,700.0,138.072
N4Si3,600.0,129.704
N4Si3,500.0,120.708
N4Si3,400.0,110.667
N4Si3,300.0,99.788
Na2S1,298.0,82.801
Na2S1,1900.0,133.888
Na2S1,1800.0,133.888
Na2S1,1700.0,133.888
Na2S1,1600.0,133.888
Na2S1,1500.0,133.888
Na2S1,1445.0,133.888
Na2S1,1400.0,137.15200000000002
Na2S1,1300.0,187.652
Na2S1,1276.0,211.921
Na2S1,1276.0,211.939
Na2S1,1200.0,159.494
Na2S1,1100.0,110.458
Na2S1,1000.0,92.843
Na2S1,900.0,91.337
Na2S1,800.0,90.165
Na2S1,0.0,88.70100000000002
Na2S1,600.0,87.236
Na2S1,500.0,85.772
Na2S1,400.0,84.30799999999998
Na2S1,0.0,82.84299999999998
Ni1S2,298.0,70.626
Ni1S2,1700.0,99.717
Ni1S2,1600.0,97.642
Ni1S2,1500.0,95.567
Ni1S2,1400.0,93.491
Ni1S2,1300.0,91.416
Ni1S2,1280.0,91.001
Ni1S2,1200.0,89.34100000000002
Ni1S2,1100.0,87.266
Ni1S2,1000.0,85.19
Ni1S2,900.0,83.115
Ni1S2,800.0,81.04
Ni1S2,700.0,78.965
Ni1S2,600.0,76.889
Ni1S2,500.0,74.814
Ni1S2,400.0,72.73899999999998
Ni1S2,300.0,70.664
Ni3S4,298.0,164.808
Ni3S4,1000.0,265.638
Ni3S4,900.0,251.27
Ni3S4,800.0,236.906
Ni3S4,700.0,222.539
Ni3S4,600.0,208.171
Ni3S4,500.0,193.807
Ni3S4,400.0,179.43900000000005
Ni3S4,300.0,165.076
O2.72W1,298.0,68.283
O2.72W1,2900.0,119.579
O2.72W1,2800.0,118.324
O2.72W1,2700.0,117.068
O2.72W1,2600.0,115.813
O2.72W1,2500.0,114.558
O2.72W1,2400.0,113.303
O2.72W1,2300.0,112.048
O2.72W1,2200.0,110.792
O2.72W1,2100.0,109.537
O2.72W1,2000.0,108.282
O2.72W1,1900.0,107.027
O2.72W1,1800.0,105.772
O2.72W1,1700.0,104.516
O2.72W1,1600.0,103.261
O2.72W1,1500.0,102.006
O2.72W1,1400.0,100.751
O2.72W1,1300.0,99.286
O2.72W1,1200.0,97.822
O2.72W1,1100.0,96.441
O2.72W1,1000.0,95.019
O2.72W1,900.0,93.471
O2.72W1,800.0,91.839
O2.72W1,700.0,89.81
O2.72W1,600.0,86.985
O2.72W1,500.0,82.927
O2.72W1,400.0,76.902
O2.72W1,300.0,68.408
O2Pb1,298.0,61.17
O2Pb1,1100.0,79.669
O2Pb1,1000.0,79.301
O2Pb1,900.0,78.602
O2Pb1,800.0,77.571
O2Pb1,700.0,76.21
O2Pb1,600.0,74.517
O2Pb1,500.0,71.69800000000002
O2Pb1,400.0,67.613
O2Pb1,300.0,61.31800000000001
O2Ti1,298.0,55.271
O2Ti1,1900.0,77.446
O2Ti1,1800.0,77.362
O2Ti1,1700.0,77.237
O2Ti1,1600.0,77.111
O2Ti1,1500.0,76.944
O2Ti1,1400.0,76.735
O2Ti1,1300.0,76.484
O2Ti1,1200.0,76.191
O2Ti1,1100.0,75.814
O2Ti1,1000.0,75.354
O2Ti1,900.0,74.726
O2Ti1,800.0,73.86
O2Ti1,700.0,72.655
O2Ti1,600.0,70.89
O2Ti1,500.0,68.145
O2Ti1,400.0,63.593
O2Ti1,300.0,55.471
O4S1Zn1,298.0,99.035
O4S1Zn1,1900.0,145.185
O4S1Zn1,1800.0,145.185
O4S1Zn1,1700.0,145.185
O4S1Zn1,1600.0,145.185
O4S1Zn1,1500.0,145.185
O4S1Zn1,1400.0,145.185
O4S1Zn1,1300.0,145.185
O4S1Zn1,1200.0,145.185
O4S1Zn1,1100.0,145.185
O4S1Zn1,1013.0,142.13
O4S1Zn1,1013.0,145.185
O4S1Zn1,1000.0,142.005
O4S1Zn1,900.0,140.875
O4S1Zn1,800.0,139.704
O4S1Zn1,700.0,138.57399999999998
O4S1Zn1,600.0,137.444
O4S1Zn1,540.0,136.817
O4S1Zn1,500.0,131.21
O4S1Zn1,400.0,116.022
O4S1Zn1,300.0,99.37
P1,298.0,23.825
P1,900.0,26.485
P1,800.0,26.485
P1,700.0,26.485
P1,600.0,26.485
P1,500.0,26.485
P1,450.0,25.997
P1,400.0,25.313
P1,350.0,24.731
P1,317.3,24.351
P1,300.0,23.87
V1,2600.0,52.028
V1,2500.0,50.103
V1,2400.0,48.179
V1,2300.0,46.254
V1,2200.0,44.32899999999999
V1,2190.0,44.14100000000001
V1,2100.0,42.468
V1,2000.0,40.92
V1,1900.0,39.539
V1,1800.0,38.2
V1,1700.0,37.028
V1,1600.0,35.857
V1,1500.0,34.811
V1,1400.0,33.806999999999995
V1,1300.0,32.74
V1,1200.0,31.798
V1,1100.0,30.878
V1,1000.0,30.083
V1,900.0,29.372
V1,800.0,28.66
V1,700.0,28.033
V1,600.0,27.489
V1,500.0,26.945
V1,450.0,26.61
V1,400.0,26.234
V1,350.0,25.681
V1,300.0,24.928
V1,298.0,24.896
